TF,Regulator,TF_events,Regulator_events,Shared_exact_events,Jaccard_similarity,Percent_of_TF_events,Percent_of_regulator_events
FKH,Cbp20,2174,1123,469,0.16584158415841585,21.57313707451702,41.76313446126447
Sox14,Elav,1330,1503,328,0.130938123752495,24.661654135338345,21.823020625415836
FKH,METTL3,2174,901,336,0.12267250821467689,15.45538178472861,37.29189789123196
Sox14,prp19,1330,1201,231,0.10043478260869565,17.36842105263158,19.23397169025812
FKH,Elav,2174,1503,323,0.09630292188431723,14.85740570377185,21.49035262807718
FKH,prp19,2174,1201,296,0.09613510880155894,13.615455381784729,24.646128226477934
FKH,Rbp9,2174,556,218,0.08678343949044585,10.027598896044159,39.20863309352518
Ubx,prp19,822,1201,159,0.08530042918454936,19.343065693430656,13.238967527060783
CLAMP,METTL3,408,901,102,0.08450704225352113,25.0,11.320754716981131
Sox14,Cbp20,1330,1123,189,0.08348056537102473,14.210526315789474,16.829919857524487
Ubx,U2af50,822,533,104,0.08313349320543566,12.652068126520682,19.51219512195122
vvl,Rbp9,670,556,90,0.07922535211267606,13.432835820895523,16.18705035971223
CLAMP,CG1316,408,353,51,0.07183098591549296,12.5,14.44759206798867
Ubx,METTL3,822,901,112,0.06952203600248293,13.62530413625304,12.430632630410654
CLAMP,mod,408,365,50,0.06915629322268327,12.254901960784315,13.698630136986301
CLAMP,Rbp9,408,556,62,0.06873614190687362,15.196078431372548,11.151079136690647
vvl,METTL3,670,901,101,0.06870748299319727,15.074626865671641,11.20976692563818
vvl,Cbp20,670,1123,114,0.06789755807027993,17.01492537313433,10.151380231522706
FKH,Nelf-E,2174,495,166,0.06632041550139832,7.635694572217111,33.535353535353536
vvl,Nelf-E,670,495,72,0.06587374199451052,10.746268656716419,14.545454545454545
CLAMP,prp19,408,1201,99,0.06556291390728476,24.264705882352942,8.243130724396336
FKH,U2af50,2174,533,166,0.06532861078315624,7.635694572217111,31.144465290806753
CLAMP,Cbp20,408,1123,92,0.06393328700486449,22.54901960784314,8.192341941228852
CLAMP,Fmr1,408,244,39,0.0636215334420881,9.558823529411764,15.98360655737705
Sox14,U2af50,1330,533,110,0.06274957216200798,8.270676691729323,20.637898686679176
vvl,prp19,670,1201,110,0.06246450880181715,16.417910447761194,9.159034138218152
CLAMP,U2af50,408,533,55,0.062076749435665914,13.480392156862745,10.318949343339588
CLAMP,Hrb98DE,408,347,44,0.06188466947960619,10.784313725490197,12.680115273775217
vvl,mod,670,365,60,0.06153846153846154,8.955223880597014,16.438356164383563
Sox14,METTL3,1330,901,127,0.060361216730038025,9.548872180451127,14.095449500554938
Ubx,Rbp9,822,556,73,0.055938697318007664,8.880778588807786,13.129496402877697
vvl,CG1316,670,353,54,0.05572755417956656,8.059701492537313,15.297450424929178
FKH,mod,2174,365,134,0.05571725571725572,6.163753449862005,36.71232876712329
vvl,U2af50,670,533,63,0.05526315789473684,9.402985074626866,11.819887429643527
Ubx,Cbp20,822,1123,100,0.05420054200542006,12.165450121654501,8.904719501335707
vvl,Hrb98DE,670,347,52,0.0538860103626943,7.7611940298507465,14.985590778097983
CLAMP,Rbp6,408,244,33,0.05331179321486268,8.088235294117647,13.524590163934427
FKH,Sxl,2174,303,123,0.052251486830926085,5.657773689052438,40.59405940594059
CLAMP,CG4612,408,249,32,0.0512,7.8431372549019605,12.85140562248996
Repo,METTL3,296,901,58,0.050921861281826165,19.594594594594593,6.437291897891232
FKH,Hrb98DE,2174,347,122,0.05085452271779908,5.611775528978841,35.15850144092219
Ubx,Elav,822,1503,112,0.05061003163126977,13.62530413625304,7.451763140385895
CLAMP,ISWI,408,178,28,0.05017921146953405,6.862745098039215,15.730337078651685
CLAMP,Hrb87F,408,180,28,0.05,6.862745098039215,15.555555555555555
vvl,Rbp6,670,244,42,0.0481651376146789,6.268656716417911,17.21311475409836
FKH,CG1316,2174,353,116,0.04811281625881377,5.335786568537259,32.861189801699716
CLAMP,Orb2,408,250,30,0.04777070063694268,7.352941176470588,12.0
CLAMP,Nelf-E,408,495,41,0.04756380510440835,10.049019607843137,8.282828282828282
Repo,Sxl,296,303,27,0.0472027972027972,9.121621621621621,8.910891089108912
FKH,CG4612,2174,249,109,0.04710458081244598,5.0137994480220796,43.77510040160642
Ubx,Sxl,822,303,50,0.046511627906976744,6.082725060827251,16.501650165016503
vvl,Elav,670,1503,96,0.046220510351468465,14.328358208955224,6.387225548902196
Repo,Cbp20,296,1123,62,0.045689019896831246,20.945945945945947,5.520926090828139
vvl,CG4612,670,249,40,0.04550625711035267,5.970149253731344,16.06425702811245
vvl,Sxl,670,303,41,0.043991416309012876,6.119402985074627,13.531353135313532
Ubx,mod,822,365,50,0.04397537379067722,6.082725060827251,13.698630136986301
Sox14,Hrb98DE,1330,347,70,0.043559427504667084,5.2631578947368425,20.172910662824208
Sox14,CG1316,1330,353,70,0.04339739615623062,5.2631578947368425,19.8300283286119
vvl,Fmr1,670,244,38,0.04337899543378995,5.6716417910447765,15.573770491803279
Sox14,Rbp9,1330,556,78,0.04314159292035398,5.864661654135339,14.028776978417266
Repo,U2af50,296,533,34,0.042767295597484274,11.486486486486486,6.378986866791744
CLAMP,Sxl,408,303,29,0.04252199413489736,7.107843137254902,9.570957095709572
Repo,Rbp9,296,556,34,0.04156479217603912,11.486486486486486,6.115107913669065
Ubx,Nelf-E,822,495,52,0.04110671936758893,6.326034063260341,10.505050505050505
Repo,prp19,296,1201,59,0.04102920723226704,19.93243243243243,4.912572855953372
Repo,mod,296,365,26,0.04094488188976378,8.783783783783784,7.123287671232877
CLAMP,caz,408,231,25,0.04071661237785016,6.127450980392157,10.822510822510823
Ubx,Hrb98DE,822,347,45,0.0400355871886121,5.474452554744525,12.968299711815561
CLAMP,Syp,408,191,23,0.03993055555555555,5.637254901960785,12.041884816753926
FKH,Fmr1,2174,244,92,0.03955288048151333,4.231830726770929,37.704918032786885
FKH,Orb2,2174,250,92,0.03945111492281304,4.231830726770929,36.8
Repo,caz,296,231,20,0.03944773175542406,6.756756756756757,8.658008658008658
Sox14,Nelf-E,1330,495,68,0.03870233352305066,5.112781954887218,13.737373737373737
Dsx,METTL3,175,901,40,0.03861003861003861,22.857142857142858,4.439511653718091
Repo,Fmr1,296,244,20,0.038461538461538464,6.756756756756757,8.19672131147541
Ubx,ISWI,822,178,37,0.03842159916926272,4.5012165450121655,20.786516853932586
vvl,eIF4H1,670,178,31,0.037943696450428395,4.626865671641791,17.415730337078653
Repo,ISWI,296,178,17,0.037199124726477024,5.743243243243243,9.55056179775281
CLAMP,eIF4H1,408,178,21,0.03716814159292035,5.147058823529412,11.797752808988765
FKH,Rbp6,2174,244,85,0.036433776253750536,3.9098436062557496,34.83606557377049
Ubx,CG1316,822,353,41,0.036155202821869487,4.987834549878346,11.614730878186968
vvl,caz,670,231,31,0.035632183908045977,4.626865671641791,13.41991341991342
Repo,CG1316,296,353,22,0.03508771929824561,7.4324324324324325,6.232294617563739
Sox14,Sxl,1330,303,55,0.03485424588086185,4.135338345864661,18.151815181518153
Ubx,Syp,822,191,34,0.03472931562819203,4.13625304136253,17.801047120418847
Sox14,Syp,1330,191,51,0.03469387755102041,3.8345864661654137,26.701570680628272
CLAMP,Sqd,408,162,19,0.034482758620689655,4.6568627450980395,11.728395061728396
Sox14,caz,1330,231,51,0.03377483443708609,3.8345864661654137,22.07792207792208
CLAMP,Set1,408,83,16,0.03368421052631579,3.9215686274509802,19.27710843373494
CLAMP,TBPH,408,154,18,0.03308823529411765,4.411764705882353,11.688311688311689
FKH,NonA,2174,211,76,0.03291468168038112,3.4958601655933763,36.018957345971565
vvl,Hrb87F,670,180,27,0.032806804374240585,4.029850746268656,15.0
BEAF-32,METTL3,204,901,35,0.03271028037383177,17.15686274509804,3.8845726970033296
FKH,caz,2174,231,76,0.032632030914555604,3.4958601655933763,32.900432900432904
vvl,Orb2,670,250,29,0.03254769921436588,4.3283582089552235,11.6
Sox14,mod,1330,365,53,0.03227771010962241,3.9849624060150375,14.520547945205479
Repo,Nelf-E,296,495,24,0.03129074315514994,8.108108108108109,4.848484848484849
Dsx,Syp,175,191,11,0.030985915492957747,6.285714285714286,5.7591623036649215
Ubx,Hrb87F,822,180,30,0.030864197530864196,3.6496350364963503,16.666666666666668
Sox14,Fmr1,1330,244,47,0.03077930582842174,3.5338345864661656,19.262295081967213
Sox14,CG4612,1330,249,47,0.030678851174934726,3.5338345864661656,18.87550200803213
Repo,CG4612,296,249,16,0.030245746691871456,5.405405405405405,6.42570281124498
FKH,ISWI,2174,178,69,0.030223390275952694,3.1738730450781967,38.764044943820224
FKH,eIF4H1,2174,178,69,0.030223390275952694,3.1738730450781967,38.764044943820224
Repo,Orb2,296,250,16,0.03018867924528302,5.405405405405405,6.4
Repo,Hrb98DE,296,347,18,0.0288,6.081081081081081,5.187319884726225
Repo,Rbp6,296,244,15,0.02857142857142857,5.0675675675675675,6.147540983606557
BEAF-32,Rbp9,204,556,21,0.028416779431664412,10.294117647058824,3.776978417266187
Ubx,caz,822,231,29,0.0283203125,3.5279805352798053,12.554112554112555
Ubx,Fmr1,822,244,29,0.027965284474445518,3.5279805352798053,11.885245901639344
vvl,ISWI,670,178,23,0.027878787878787878,3.4328358208955225,12.92134831460674
Ubx,eIF4H1,822,178,26,0.026694045174537988,3.1630170316301705,14.606741573033707
CLAMP,NonA,408,211,16,0.026533996683250415,3.9215686274509802,7.5829383886255926
BEAF-32,U2af50,204,533,19,0.026462395543175487,9.313725490196079,3.5647279549718576
Repo,NonA,296,211,13,0.02631578947368421,4.391891891891892,6.161137440758294
FKH,Hrb87F,2174,180,59,0.02570806100217865,2.7138914443422264,32.77777777777778
vvl,NonA,670,211,22,0.025611175785797437,3.283582089552239,10.42654028436019
FKH,Rin,2174,131,57,0.025355871886120998,2.6218951241950323,43.51145038167939
Sox14,NonA,1330,211,38,0.025282767797737856,2.857142857142857,18.009478672985782
Dsx,Cbp20,175,1123,32,0.02527646129541864,18.285714285714285,2.8495102404274264
Repo,Syp,296,191,12,0.02526315789473684,4.054054054054054,6.282722513089006
Dsx,caz,175,231,10,0.025252525252525252,5.714285714285714,4.329004329004329
Repo,Elav,296,1503,44,0.02507122507122507,14.864864864864865,2.927478376580173
Ubx,Orb2,822,250,26,0.0248565965583174,3.1630170316301705,10.4
BEAF-32,Cbp20,204,1123,32,0.02471042471042471,15.686274509803921,2.8495102404274264
FKH,Syp,2174,191,57,0.024696707105719237,2.6218951241950323,29.842931937172775
Dsx,Sqd,175,162,8,0.0243161094224924,4.571428571428571,4.938271604938271
Dsx,CG4612,175,249,10,0.024154589371980676,5.714285714285714,4.016064257028113
Sox14,Rbp6,1330,244,37,0.024072869225764477,2.781954887218045,15.163934426229508
Ubx,Rbp6,822,244,25,0.024015369836695485,3.0413625304136254,10.245901639344263
Sox14,Orb2,1330,250,37,0.023979261179520414,2.781954887218045,14.8
Ubx,CG4612,822,249,25,0.02390057361376673,3.0413625304136254,10.040160642570282
vvl,Sqd,670,162,19,0.023370233702337023,2.8358208955223883,11.728395061728396
FKH,Sqd,2174,162,53,0.023215067893123085,2.437902483900644,32.71604938271605
BEAF-32,NonA,204,211,9,0.022167487684729065,4.411764705882353,4.265402843601896
Ubx,TBPH,822,154,21,0.02198952879581152,2.5547445255474455,13.636363636363637
CLAMP,Elav,408,1503,41,0.021925133689839574,10.049019607843137,2.7278775781769795
BEAF-32,prp19,204,1201,30,0.02181818181818182,14.705882352941176,2.4979184013322233
Ubx,Sqd,822,162,21,0.021806853582554516,2.5547445255474455,12.962962962962964
Dsx,TBPH,175,154,7,0.021739130434782608,4.0,4.545454545454546
vvl,Rin,670,131,17,0.021683673469387755,2.537313432835821,12.977099236641221
Repo,eIF4H1,296,178,10,0.021551724137931036,3.3783783783783785,5.617977528089888
Dsx,Hrb98DE,175,347,11,0.021526418786692758,6.285714285714286,3.170028818443804
Repo,Hrb87F,296,180,10,0.02145922746781116,3.3783783783783785,5.555555555555555
vvl,TBPH,670,154,17,0.021065675340768277,2.537313432835821,11.03896103896104
FKH,TBPH,2174,154,48,0.021052631578947368,2.2079116835326587,31.16883116883117
CLAMP,Rin,408,131,11,0.020833333333333332,2.696078431372549,8.396946564885496
Ubx,NonA,822,211,21,0.020750988142292492,2.5547445255474455,9.95260663507109
Dsx,Elav,175,1503,34,0.02068126520681265,19.428571428571427,2.2621423819028608
FKH,Set1,2174,83,45,0.02034358047016275,2.0699172033118676,54.21686746987952
FKH,Imp,2174,146,46,0.020228671943711522,2.1159153633854646,31.506849315068493
vvl,Syp,670,191,17,0.02014218009478673,2.537313432835821,8.900523560209423
Sox14,Imp,1330,146,29,0.020041465100207326,2.180451127819549,19.863013698630137
BEAF-32,Elav,204,1503,33,0.01971326164874552,16.176470588235293,2.1956087824351296
Sox14,eIF4H1,1330,178,29,0.0196078431372549,2.180451127819549,16.292134831460675
BEAF-32,caz,204,231,8,0.01873536299765808,3.9215686274509802,3.463203463203463
BEAF-32,Sxl,204,303,9,0.018072289156626505,4.411764705882353,2.9702970297029703
BEAF-32,CG4612,204,249,8,0.017977528089887642,3.9215686274509802,3.21285140562249
BEAF-32,Orb2,204,250,8,0.017937219730941704,3.9215686274509802,3.2
BEAF-32,Nelf-E,204,495,12,0.017467248908296942,5.882352941176471,2.4242424242424243
Dsx,CG1316,175,353,9,0.017341040462427744,5.142857142857143,2.54957507082153
Dsx,prp19,175,1201,23,0.016999260901699925,13.142857142857142,1.9150707743547044
Dsx,Rbp6,175,244,7,0.01699029126213592,4.0,2.8688524590163933
Dsx,mod,175,365,9,0.01694915254237288,5.142857142857143,2.4657534246575343
Sox14,ISWI,1330,178,25,0.016857720836142953,1.8796992481203008,14.044943820224718
Dsx,Rbp9,175,556,12,0.016689847009735744,6.857142857142857,2.158273381294964
Repo,Rin,296,131,7,0.016666666666666666,2.364864864864865,5.343511450381679
Sox14,Sqd,1330,162,24,0.01634877384196185,1.8045112781954886,14.814814814814815
Sox14,Hrb87F,1330,180,24,0.016150740242261104,1.8045112781954886,13.333333333333334
Repo,Set1,296,83,6,0.0160857908847185,2.027027027027027,7.228915662650603
BEAF-32,ISWI,204,178,6,0.015957446808510637,2.9411764705882355,3.3707865168539324
Dsx,NonA,175,211,6,0.015789473684210527,3.4285714285714284,2.843601895734597
BEAF-32,Syp,204,191,6,0.015424164524421594,2.9411764705882355,3.141361256544503
Dsx,Sxl,175,303,7,0.014861995753715499,4.0,2.31023102310231
BEAF-32,Hrb98DE,204,347,8,0.014732965009208104,3.9215686274509802,2.3054755043227666
Sox14,Rin,1330,131,21,0.014583333333333334,1.5789473684210527,16.03053435114504
BEAF-32,Imp,204,146,5,0.014492753623188406,2.450980392156863,3.4246575342465753
Dsx,eIF4H1,175,178,5,0.014367816091954023,2.857142857142857,2.808988764044944
BEAF-32,Sqd,204,162,5,0.013850415512465374,2.450980392156863,3.0864197530864197
Repo,Sqd,296,162,6,0.01327433628318584,2.027027027027027,3.7037037037037037
BEAF-32,Hrb87F,204,180,5,0.013192612137203167,2.450980392156863,2.7777777777777777
Sox14,TBPH,1330,154,19,0.012969283276450512,1.4285714285714286,12.337662337662337
Ubx,Rin,822,131,12,0.012752391073326248,1.4598540145985401,9.16030534351145
Dsx,Imp,175,146,4,0.012618296529968454,2.2857142857142856,2.73972602739726
Dsx,Fmr1,175,244,5,0.012077294685990338,2.857142857142857,2.0491803278688523
Dsx,Orb2,175,250,5,0.011904761904761904,2.857142857142857,2.0
Dsx,Set1,175,83,3,0.011764705882352941,1.7142857142857142,3.6144578313253013
Dsx,U2af50,175,533,8,0.011428571428571429,4.571428571428571,1.5009380863039399
BEAF-32,TBPH,204,154,4,0.011299435028248588,1.9607843137254901,2.5974025974025974
vvl,Set1,670,83,8,0.010738255033557046,1.1940298507462686,9.63855421686747
Ubx,Set1,822,83,9,0.010044642857142858,1.094890510948905,10.843373493975903
Dsx,Rin,175,131,3,0.009900990099009901,1.7142857142857142,2.2900763358778624
Sox14,Set1,1330,83,13,0.009285714285714286,0.9774436090225563,15.662650602409638
BEAF-32,CG1316,204,353,5,0.009057971014492754,2.450980392156863,1.4164305949008498
BEAF-32,Rin,204,131,3,0.009036144578313253,1.4705882352941178,2.2900763358778624
Repo,TBPH,296,154,4,0.008968609865470852,1.3513513513513513,2.5974025974025974
BEAF-32,mod,204,365,5,0.008865248226950355,2.450980392156863,1.36986301369863
BEAF-32,eIF4H1,204,178,3,0.0079155672823219,1.4705882352941178,1.6853932584269662
Dsx,Nelf-E,175,495,5,0.007518796992481203,2.857142857142857,1.0101010101010102
vvl,Imp,670,146,6,0.007407407407407408,0.8955223880597015,4.109589041095891
CLAMP,Imp,408,146,4,0.007272727272727273,0.9803921568627451,2.73972602739726
Repo,Imp,296,146,3,0.00683371298405467,1.0135135135135136,2.0547945205479454
BEAF-32,Fmr1,204,244,3,0.006741573033707865,1.4705882352941178,1.2295081967213115
Ubx,Imp,822,146,6,0.006237006237006237,0.7299270072992701,4.109589041095891
Dsx,ISWI,175,178,2,0.005698005698005698,1.1428571428571428,1.1235955056179776
BEAF-32,Rbp6,204,244,2,0.004484304932735426,0.9803921568627451,0.819672131147541
Dsx,Hrb87F,175,180,1,0.002824858757062147,0.5714285714285714,0.5555555555555556
BEAF-32,Set1,204,83,0,0.0,0.0,0.0
