source_file,category,dataset_name,sha256,duplicate_group_id,duplicate_group_size,selected_for_combined,selected_source_file,row_count,unique_original_event_ids,column_count,columns,experiment_count,experiments,notes
significant_splicing_events_tf - BEAF-32.csv,TF,BEAF-32,93be975fcf3294d1e1cd460e1711dc18d5ec6aa7fdc059df77b0968602fdc660,DUP022,1,Yes,significant_splicing_events_tf - BEAF-32.csv,204,204,7,event_type | event_id | gene_id | gene_name | experiment | dPSI | p_value,1,0_3_day,
significant_splicing_events_tf - CLAMP.csv,TF,CLAMP,9965cd5a20beba592af516536ce9259763876b5f8116d88c2ebfe10b89ee820c,DUP023,1,Yes,significant_splicing_events_tf - CLAMP.csv,1642,408,7,event_type | event_id | gene_id | gene_name | experiment | dPSI | p_value,2,Brain_Adult | Brain_L3,Contains multiple experiment labels; retained as row-level experiment data.
significant_splicing_events_tf - Dsx.csv,TF,Dsx,594e592b05e193ec9cdcc0a6e2170779c74e9e18e8e27220132745b3b4130ee9,DUP015,1,Yes,significant_splicing_events_tf - Dsx.csv,175,175,7,event_type | event_id | gene_id | gene_name | experiment | dPSI | p_value,1,VNC,
significant_splicing_events_tf - Repo.csv,TF,Repo,7c69d02df6f8aab1a87a414907d47fc4a4326dcdd2855fba8c008681f0fd49bd,DUP019,1,Yes,significant_splicing_events_tf - Repo.csv,296,296,7,event_type | event_id | gene_id | gene_name | experiment | dPSI | p_value,1,embryonic_vs_larval,
significant_splicing_events_tf - Sox14.csv,TF,Sox14,7962d61e111d9315f00baccd32f9726f2f5d2bd14049ae3a4630cb961c3d6e5c,DUP018,1,Yes,significant_splicing_events_tf - Sox14.csv,2583,1330,7,event_type | event_id | gene_id | gene_name | experiment | dPSI | p_value,4,0h_pupae | 12h_pupae | 3rd_instar | 6h_pupae,Contains multiple experiment labels; retained as row-level experiment data.
significant_splicing_events_tf - Ubx.csv,TF,Ubx,56b7ecd86966d991716030d9f296f187478720f00b823a01bbdc9213955cd09c,DUP014,1,Yes,significant_splicing_events_tf - Ubx.csv,822,822,7,event_type | event_id | gene_id | gene_name | experiment | dPSI | p_value,1,3rd_instar_brain,
significant_splicing_events_tf - fkh (1).csv,TF,FKH,b5964a0d265ad5c4b5832238c4d22826221988a067a4f15afdded15e0eff746a,DUP028,2,No,significant_splicing_events_tf - fkh.csv,2292,2174,7,event_type | event_id | gene_id | gene_name | experiment | dPSI | p_value,3,12hr | 14hr | 5_day,Exact duplicate group; only the selected source was included in the combined event tables. Contains multiple experiment labels; retained as row-level experiment data.
significant_splicing_events_tf - fkh.csv,TF,FKH,b5964a0d265ad5c4b5832238c4d22826221988a067a4f15afdded15e0eff746a,DUP028,2,Yes,significant_splicing_events_tf - fkh.csv,2292,2174,7,event_type | event_id | gene_id | gene_name | experiment | dPSI | p_value,3,12hr | 14hr | 5_day,Exact duplicate group; only the selected source was included in the combined event tables. Contains multiple experiment labels; retained as row-level experiment data.
significant_splicing_events_tf - vvl.csv,TF,vvl,3d6830386a3e3afbef00fb3cac7e62398d578d485aafd54415fc61538c7a145e,DUP007,1,Yes,significant_splicing_events_tf - vvl.csv,676,670,7,event_type | event_id | gene_id | gene_name | experiment | dPSI | p_value,2,3_7_day | 3rd_instar,Contains multiple experiment labels; retained as row-level experiment data.
significant_splicing_events_rbp - CG1316.csv,RBP,CG1316,f59c1eb22707e1469323be27ea68f81f1005c2595042480ece662424924a5116,DUP037,1,Yes,significant_splicing_events_rbp - CG1316.csv,353,353,7,event_type | event_id | gene_id | gene_name | experiment | dPSI | p_value,1,CG1316,
significant_splicing_events_rbp - CG4612.csv,RBP,CG4612,af663765c645f46decda5928c29ed26dec1f61109e1e29d9eab48485218a611b,DUP026,1,Yes,significant_splicing_events_rbp - CG4612.csv,249,249,7,event_type | event_id | gene_id | gene_name | experiment | dPSI | p_value,1,CG4612,
significant_splicing_events_rbp - Cbp20.csv,RBP,Cbp20,afe43c78f54ca125c92a81ad5ec0bff8cf793278ca510a236e1c1a65e8105ad6,DUP027,1,Yes,significant_splicing_events_rbp - Cbp20.csv,1818,1123,7,event_type | event_id | gene_id | gene_name | experiment | dPSI | p_value,6,Cbp20 | Cbp20_Fsn | Cbp20_dlg1 | Fsn | Pak | dlg1,Contains multiple experiment labels; retained as row-level experiment data.
significant_splicing_events_rbp - Elav.csv,RBP,Elav,106b200eadfeaf75d627203f7e5786c26a9b9d1a58e03547ab499db94a87b84e,DUP004,1,Yes,significant_splicing_events_rbp - Elav.csv,1994,1503,7,event_type | event_id | gene_id | gene_name | experiment | dPSI | p_value,2,Elav | Elav_fne,Contains multiple experiment labels; retained as row-level experiment data.
significant_splicing_events_rbp - Fmr1.csv,RBP,Fmr1,cbfa9c365e60db547b84b868d4af44613aece614aab2288ee326f92f4a54fd67,DUP031,1,Yes,significant_splicing_events_rbp - Fmr1.csv,244,244,7,event_type | event_id | gene_id | gene_name | experiment | dPSI | p_value,1,Fmr1,
significant_splicing_events_rbp - Hrb87F(1).csv,RBP,Hrb87F,cd3472863300761a6a4d4e14066248ec02d6c53a61d1128a5fc110c45cdb9c46,DUP032,2,No,significant_splicing_events_rbp - Hrb87F.csv,180,180,7,event_type | event_id | gene_id | gene_name | experiment | dPSI | p_value,1,Hrb87F,Exact duplicate group; only the selected source was included in the combined event tables.
significant_splicing_events_rbp - Hrb87F.csv,RBP,Hrb87F,cd3472863300761a6a4d4e14066248ec02d6c53a61d1128a5fc110c45cdb9c46,DUP032,2,Yes,significant_splicing_events_rbp - Hrb87F.csv,180,180,7,event_type | event_id | gene_id | gene_name | experiment | dPSI | p_value,1,Hrb87F,Exact duplicate group; only the selected source was included in the combined event tables.
significant_splicing_events_rbp - Hrb98DE.csv,RBP,Hrb98DE,5320ed18efba82617c9b301869f79007543cf9d8c83eb93bccb475f1a5ecc0a1,DUP012,1,Yes,significant_splicing_events_rbp - Hrb98DE.csv,347,347,7,event_type | event_id | gene_id | gene_name | experiment | dPSI | p_value,1,Hrb98DE,
significant_splicing_events_rbp - ISWI(1).csv,RBP,ISWI,02438d750492413b5ddcda2d0332e0aea4d541fe9da320f67dbc159ab77981a5,DUP001,2,No,significant_splicing_events_rbp - ISWI.csv,178,178,7,event_type | event_id | gene_id | gene_name | experiment | dPSI | p_value,1,ISWI,Exact duplicate group; only the selected source was included in the combined event tables.
significant_splicing_events_rbp - ISWI.csv,RBP,ISWI,02438d750492413b5ddcda2d0332e0aea4d541fe9da320f67dbc159ab77981a5,DUP001,2,Yes,significant_splicing_events_rbp - ISWI.csv,178,178,7,event_type | event_id | gene_id | gene_name | experiment | dPSI | p_value,1,ISWI,Exact duplicate group; only the selected source was included in the combined event tables.
significant_splicing_events_rbp - Imp.csv,RBP,Imp,9196166a35b56eb6d02b9ffc8ed9f56f9b5cbe428e1cbe855901f2246d25e951,DUP020,1,Yes,significant_splicing_events_rbp - Imp.csv,146,146,7,event_type | event_id | gene_id | gene_name | experiment | dPSI | p_value,1,Imp,
significant_splicing_events_rbp - Nelf-E.csv,RBP,Nelf-E,ad42a59b482dbab1d178b1aa07add477dab184b77a4ce1064999b78a179eb0de,DUP025,1,Yes,significant_splicing_events_rbp - Nelf-E.csv,495,495,7,event_type | event_id | gene_id | gene_name | experiment | dPSI | p_value,1,Nelf-E,
significant_splicing_events_rbp - NonA(1).csv,RBP,NonA,dc9934224c5237ef80508019cf4030b857e6c6cf447b8d7aa71da5c313ddf4fd,DUP033,2,No,significant_splicing_events_rbp - NonA.csv,211,211,7,event_type | event_id | gene_id | gene_name | experiment | dPSI | p_value,1,NonA,Exact duplicate group; only the selected source was included in the combined event tables.
significant_splicing_events_rbp - NonA.csv,RBP,NonA,dc9934224c5237ef80508019cf4030b857e6c6cf447b8d7aa71da5c313ddf4fd,DUP033,2,Yes,significant_splicing_events_rbp - NonA.csv,211,211,7,event_type | event_id | gene_id | gene_name | experiment | dPSI | p_value,1,NonA,Exact duplicate group; only the selected source was included in the combined event tables.
significant_splicing_events_rbp - Orb2.csv,RBP,Orb2,43b8a16c397b97a7677365b4d925a39a2c25b6574fb7914ae137e08f261837ac,DUP009,1,Yes,significant_splicing_events_rbp - Orb2.csv,250,250,7,event_type | event_id | gene_id | gene_name | experiment | dPSI | p_value,1,Orb2,
significant_splicing_events_rbp - Rbp6.csv,RBP,Rbp6,a97b7d6b350c1f601094bb8b6c9ac470603dcdf657c2f01448ebe013a88969f1,DUP024,1,Yes,significant_splicing_events_rbp - Rbp6.csv,244,244,7,event_type | event_id | gene_id | gene_name | experiment | dPSI | p_value,1,Rbp6,
significant_splicing_events_rbp - Rbp9.csv,RBP,Rbp9,921836befe04c4022b5631be57459a0907957c62318a4fe3458f8ca7022666cd,DUP021,1,Yes,significant_splicing_events_rbp - Rbp9.csv,758,556,7,event_type | event_id | gene_id | gene_name | experiment | dPSI | p_value,2,Rbp9 | fne_Rbp9,Contains multiple experiment labels; retained as row-level experiment data.
significant_splicing_events_rbp - Rin.csv,RBP,Rin,5512c105b998cca67271510e8f08917dc65617d8f6efeb465bad3d3899a0517e,DUP013,1,Yes,significant_splicing_events_rbp - Rin.csv,131,131,7,event_type | event_id | gene_id | gene_name | experiment | dPSI | p_value,1,Rin,
significant_splicing_events_rbp - Set1.csv,RBP,Set1,1186674d226be3fbc4f8eda6a9583efd4805a86c52a6d694bef987e581c7d978,DUP005,1,Yes,significant_splicing_events_rbp - Set1.csv,83,83,7,event_type | event_id | gene_id | gene_name | experiment | dPSI | p_value,1,Set1,
significant_splicing_events_rbp - Sqd(1).csv,RBP,Sqd,69c5317aa48cbc781a618f30f754d3570b8e55ce80be68a02b3b6c07ad000c97,DUP016,2,No,significant_splicing_events_rbp - Sqd.csv,162,162,7,event_type | event_id | gene_id | gene_name | experiment | dPSI | p_value,1,Sqd,Exact duplicate group; only the selected source was included in the combined event tables.
significant_splicing_events_rbp - Sqd.csv,RBP,Sqd,69c5317aa48cbc781a618f30f754d3570b8e55ce80be68a02b3b6c07ad000c97,DUP016,2,Yes,significant_splicing_events_rbp - Sqd.csv,162,162,7,event_type | event_id | gene_id | gene_name | experiment | dPSI | p_value,1,Sqd,Exact duplicate group; only the selected source was included in the combined event tables.
significant_splicing_events_rbp - Sxl.csv,RBP,Sxl,3e3bf351ed14c5d23c60b6de2f5cc9a05c6b1602505cf2ee03e3f2b33537ed4b,DUP008,1,Yes,significant_splicing_events_rbp - Sxl.csv,303,303,7,event_type | event_id | gene_id | gene_name | experiment | dPSI | p_value,1,Sxl,
significant_splicing_events_rbp - Syp.csv,RBP,Syp,ba9bfa06819b05d63dc1777839c8518e08dda5b219f2da8a8f55821d913a223d,DUP029,1,Yes,significant_splicing_events_rbp - Syp.csv,191,191,7,event_type | event_id | gene_id | gene_name | experiment | dPSI | p_value,1,Syp,
significant_splicing_events_rbp - TBPH.csv,RBP,TBPH,0a617cef4570a5bc69015fca80a8eea894e79d668e37c609a7ff5a5012243360,DUP002,1,Yes,significant_splicing_events_rbp - TBPH.csv,154,154,7,event_type | event_id | gene_id | gene_name | experiment | dPSI | p_value,1,TBPH,
significant_splicing_events_rbp - U2af50.csv,RBP,U2af50,4f576d40b35bc49db9cfed0fa543a521f9dd11e84acfc3ab3d42ad2d878a5ef5,DUP011,1,Yes,significant_splicing_events_rbp - U2af50.csv,533,533,7,event_type | event_id | gene_id | gene_name | experiment | dPSI | p_value,1,U2af50,
significant_splicing_events_rbp - caz.csv,RBP,caz,dfea1c8fd46dbaef0ff421bbc46ff3396c43a23dbc8c2e5ba20ce8d15ccc33ff,DUP035,1,Yes,significant_splicing_events_rbp - caz.csv,231,231,7,event_type | event_id | gene_id | gene_name | experiment | dPSI | p_value,1,caz,
significant_splicing_events_rbp - eIF4H1.csv,RBP,eIF4H1,718a6547614e0ed1cf53ccfd13b5a42cdb9d3dd4938ef41e9e1376bd78542547,DUP017,1,Yes,significant_splicing_events_rbp - eIF4H1.csv,178,178,7,event_type | event_id | gene_id | gene_name | experiment | dPSI | p_value,1,eIF4H1,
significant_splicing_events_rbp - mettl3 (1)(1).csv,RBP,METTL3,c178740404609961797e5bbef9bf96b7e9733753c1b51749d79d809ece34e9af,DUP030,5,No,significant_splicing_events_rbp - mettl3.csv,1153,901,7,event_type | event_id | gene_id | gene_name | experiment | dPSI | p_value,6,DaGal4_34day | DaGal4_5day | ElavGal4_34day | ElavGal4_5day | RepoGal4_34day | RepoGal4_5day,Exact duplicate group; only the selected source was included in the combined event tables. Contains multiple experiment labels; retained as row-level experiment data.
significant_splicing_events_rbp - mettl3 (1).csv,RBP,METTL3,c178740404609961797e5bbef9bf96b7e9733753c1b51749d79d809ece34e9af,DUP030,5,No,significant_splicing_events_rbp - mettl3.csv,1153,901,7,event_type | event_id | gene_id | gene_name | experiment | dPSI | p_value,6,DaGal4_34day | DaGal4_5day | ElavGal4_34day | ElavGal4_5day | RepoGal4_34day | RepoGal4_5day,Exact duplicate group; only the selected source was included in the combined event tables. Contains multiple experiment labels; retained as row-level experiment data.
significant_splicing_events_rbp - mettl3 (2)(1).csv,RBP,METTL3,c178740404609961797e5bbef9bf96b7e9733753c1b51749d79d809ece34e9af,DUP030,5,No,significant_splicing_events_rbp - mettl3.csv,1153,901,7,event_type | event_id | gene_id | gene_name | experiment | dPSI | p_value,6,DaGal4_34day | DaGal4_5day | ElavGal4_34day | ElavGal4_5day | RepoGal4_34day | RepoGal4_5day,Exact duplicate group; only the selected source was included in the combined event tables. Contains multiple experiment labels; retained as row-level experiment data.
significant_splicing_events_rbp - mettl3 (2).csv,RBP,METTL3,c178740404609961797e5bbef9bf96b7e9733753c1b51749d79d809ece34e9af,DUP030,5,No,significant_splicing_events_rbp - mettl3.csv,1153,901,7,event_type | event_id | gene_id | gene_name | experiment | dPSI | p_value,6,DaGal4_34day | DaGal4_5day | ElavGal4_34day | ElavGal4_5day | RepoGal4_34day | RepoGal4_5day,Exact duplicate group; only the selected source was included in the combined event tables. Contains multiple experiment labels; retained as row-level experiment data.
significant_splicing_events_rbp - mettl3.csv,RBP,METTL3,c178740404609961797e5bbef9bf96b7e9733753c1b51749d79d809ece34e9af,DUP030,5,Yes,significant_splicing_events_rbp - mettl3.csv,1153,901,7,event_type | event_id | gene_id | gene_name | experiment | dPSI | p_value,6,DaGal4_34day | DaGal4_5day | ElavGal4_34day | ElavGal4_5day | RepoGal4_34day | RepoGal4_5day,Exact duplicate group; only the selected source was included in the combined event tables. Contains multiple experiment labels; retained as row-level experiment data.
significant_splicing_events_rbp - mod (1).csv,RBP,mod,e7b4af572488fc07af5f4d866630799af0c4d686580e4410bf9f57cbe86f901a,DUP036,1,Yes,significant_splicing_events_rbp - mod (1).csv,365,365,7,event_type | event_id | gene_id | gene_name | experiment | dPSI | p_value,1,brain,
significant_splicing_events_rbp - prp19.csv,RBP,prp19,467c64dc00298403d5ddfd0aec909415987c62603aeaf7fb855bd272c69d9cf8,DUP010,1,Yes,significant_splicing_events_rbp - prp19.csv,1201,1201,7,event_type | event_id | gene_id | gene_name | experiment | dPSI | p_value,1,prp19,
Ray Lab Data - 3d_significant.csv,AGE_SEX,3d,0d1be8bed10c0765b51202fa8b63dcf8c60d2e5da9746c3eea0bfa810b8d4b95,DUP003,1,Yes,Ray Lab Data - 3d_significant.csv,463,,28,comparison | age | event_type | Significant | direction | ID | GeneID | geneSymbol | chr | strand | exonStart_0base | exonEnd | upstreamES | upstreamEE | downstreamES | downstreamEE | ID.1 | IJC_SAMPLE_1 | SJC_SAMPLE_1 | IJC_SAMPLE_2 | SJC_SAMPLE_2 | IncFormLen | SkipFormLen | PValue | FDR | IncLevel1 | IncLevel2 | IncLevelDifference,0,,
Ray Lab Data - 6d_significant.csv,AGE_SEX,6d,2a03afd30c5fe86748a7a798b1919c9c79f3b37d69243d9babf1cecb8b44ced2,DUP006,1,Yes,Ray Lab Data - 6d_significant.csv,490,,28,comparison | age | event_type | Significant | direction | ID | GeneID | geneSymbol | chr | strand | exonStart_0base | exonEnd | upstreamES | upstreamEE | downstreamES | downstreamEE | ID.1 | IJC_SAMPLE_1 | SJC_SAMPLE_1 | IJC_SAMPLE_2 | SJC_SAMPLE_2 | IncFormLen | SkipFormLen | PValue | FDR | IncLevel1 | IncLevel2 | IncLevelDifference,0,,
Ray Lab Data - 9d_significant.csv,AGE_SEX,9d,de062c71aa5996076f81567e08b590e48e73f510db466598124e5cf57aa18375,DUP034,1,Yes,Ray Lab Data - 9d_significant.csv,525,,28,comparison | age | event_type | Significant | direction | ID | GeneID | geneSymbol | chr | strand | exonStart_0base | exonEnd | upstreamES | upstreamEE | downstreamES | downstreamEE | ID.1 | IJC_SAMPLE_1 | SJC_SAMPLE_1 | IJC_SAMPLE_2 | SJC_SAMPLE_2 | IncFormLen | SkipFormLen | PValue | FDR | IncLevel1 | IncLevel2 | IncLevelDifference,0,,
